Dim,	ArraySize(KB),	Row-Major Time,	RM Sample,	Col-Major Time,	CM Sample
   10,	          0,	0.000000238,	      10,	 0.000000238,	       4
   20,	          1,	0.000000238,	      12,	 0.000000238,	      26
   50,	          9,	0.000003099,	      51,	 0.000001907,	      76
  100,	         39,	0.000016451,	     142,	 0.000006437,	     102
  150,	         87,	0.000029325,	     277,	 0.000014067,	     202
  200,	        156,	0.000094414,	     158,	 0.000041962,	     233
  500,	        976,	0.000541687,	     737,	 0.000405788,	     621
 1000,	       3906,	0.002210855,	    1733,	 0.002454519,	     944
 2000,	      15625,	0.007014275,	    1586,	 0.008472443,	    1876
 5000,	      97656,	0.041590452,	    2904,	 0.063577175,	    4090
10000,	     390625,	0.178899527,	    3067,	 0.330257177,	   11269
20000,	    1562500,	0.703771353,	   21851,	 4.094728708,	    9822
40000,	    6250000,	2.775997877,	   19084,	41.708540440,	   16050